22,Max_Saga
28,KristianStøvingMørkAndersen
30,UhlárAndor
31,EmilMaltheBæhrChristensen
32,cphfront
34,MaxSaga
36,williwu
38,willi
43,chrbp
44,arcadetrail
45,pechano
39,Martin
40,Engelsted
41,Lars
18,chrsapp
23,simonbs
77,luca
74,alxndrustinov
52,Jacksberg 
68,wattest
53,MartinLeBlancEigtved
80,heyitsdiggy
24,ebaehr
81,roy
72,schroder
73,haincha
92,mnsfield
76,failgunner
82,flyingcoffeecup
47,cbp
210,Nao
209,Hardgamer
33,VladimirCat
90,Rano
87,mlaurvig
84,Timthing
46,hartmann
71,Santa
35,ulrikdamm
79,bizmar
17,andor44
85,jbo170380
91,Anders
94,Nezky
95,juri
99,Lennington
100,lajlev
101,kiddouk
102,Maymane
103,pojoloco
104,AndreaCau
105,Joel
106,timkendall
107,oroooat
112,bouchenoiremarc
114,Jack
111,steviki
156,rayps
121,PlayerOne
115,johankj
120,Dannyrodri
122,Joe
123,sidan5
124,TigPT
125,txaidw
128,kib
142,fraannk
98,ZeroRageEND673
205,ksma
110,anewbignoise
138,jhauberg
129,delon
229,tehh4ck3r
97,as
96,areskub
93,maktouch
113,danielguillan
116,abothmann
109,RasmusNielsen
83,philip
126,johncafazza
89,rockerBOO
131,jason
130,marcel
132,Mr. Monnerup
133,Mitchwindoo 
134,bfolberth
127,jereswinnen
136,aconradsen
137,franzwarning
143,ssnielsen
141,larissaherbst
146,ThanMazus
145,profblair
148,antti
147,Batman
149,fanclubfm
150,klauslanza
153,atjens
154,shannonleonard
155,mcflydesign
157,drugis
158,luigi
159,Ichor
160,royalrex
161,hidde
165,Dynamo
163,SuneT
166,Hyldahl
168,DedeOle99
169,Randex
164,rs9766
167,Iamogre
173,stalhandske
180,AvanteGarde
175,Baba Booey
177,Sij
179,Specsmeister 
181,Zialus
182,jesperbulow
183,emfeha
162,s3rgiosan
108,SirMrE
151,humanboring
140,mikker
174,preshit
185,gusso
186,butzcr4ft
190,amitburst
191,heymatt_j
193,cai
194,nickcotton
195,pyjamads
188,faffelkugel
192,coolieprobst
196,luismasilvera
206,Siryakko
197,AkenBosch
198,Pegepinden
207,M01n34u
208,MuflerDK
211,chris
212,bavenhur
214,AMyatt
184,Pomettini
218,kamolahy
216,Xerox
217,jonas
219,luktison
220,raulrea
221,glassdevil
222,Daemon
223,Nitza
225,timgarbos
172,mads_hartmann
226,saniul
227,graeme
230,ikasch
233,Madskills
231,casperlajensen
42,Anchel
215,Alex
213,k_kronborg
171,marco
224,peter
235,klein
232,ralle
236,Bishopanonymous
246,clevercode
189,daLowr1ider
237,Slash
238,hagi
248,madebymagnolia
247,TiM
240,oliverames
241,cliophate
242,trevor
249,Caboose
250,laban
245,Yaron
251,danielpox
266,beekay
253,God
254,eggaldin
258,aggerbo
255,DeputyDangle
257,Britishgaming
260,dan1eln1el5en
264,PeterPixeleap
252,Yaahkob
265,hypesystem
267,iosgeekster
269,trstn
271,mopeygoal
272,naturaln0va
273,enstyled
270,Thelle
274,farmerjim
276,Larkef
275,Vulturus
234,Marcel
118,Jangle
256,Nielson
259,mkanz
135,ellenich 
117,Duffman84
176,buje
290,UlrikRobocat
278,NewView
279,Dry202
280,Weider
291,Moody
283,smr
284,detour
285,cbigandt
286,MrT
282,Birch
287,bymafmaf
288,hiipod
294,spam
295,Baobame
296,David
298,s2imon
299,mhrnik
300,FrostedSentry
301,s0mmer
304,neurotech
306,bellbogey
305,Phreeksta
307,Lights952
308,palmin
309,Rude
311,etataurov
312,TheEng1neer
289,mono_eric3
119,Alex_dlc
268,maail
303,Abysmal
281,icewave
292,Jenack
302,Zoin
293,allen
88,andoZo
19,flarup
310,MadsNedergaard
313,PPacie
314,rab8bit
315,Benihana
317,terkel
243,blind
318,Jacob
86,Brinx
75,ryck
139,Halfy82
144,bytino
187,cpnielsen
277,Rainbow
297,guischmitt
316,nrqsnchz
239,Orkin_Man
20,ksmandersen
344,kristian
345,StefanE
228,MichaelSchultz
51,tobiasdm
349,dsalazar
350,Teo
